,species,mean,median
0,Theropithecus (control),0.8068283422736203,0.8877949772883917
1,Homo spiens,0.776064643280249,0.8482403834911727
2,Pan troglodytes,0.7840384403293447,0.8702200185931206
3,Propithecus,0.8326953773931527,0.9060404718003772
4,Otolemur,0.8356231760892416,0.9091378727403456
5,Carlito,0.8350097400892375,0.9099395790222213
6,Colobus,0.8224842575261375,0.9038311180609852
7,Mandrillus,0.8302060089392607,0.9083717977316016
